{"cameraMode":{"drawMode":0,"name":"Shaded","section":"Shading Mode"},"sceneLighting":false,"audioPlay":false,"sceneViewState":{"m_AlwaysRefresh":false,"showFog":true,"showSkybox":false,"showFlares":true,"showImageEffects":true,"showParticleSystems":true,"showVisualEffectGraphs":true,"m_FxEnabled":true},"in2DMode":false,"pivot":{"x":-0.34553688764572146,"y":14.899596214294434,"z":-49.9445686340332},"rotation":{"x":-0.003581954864785075,"y":-0.9784180521965027,"z":0.20579446852207185,"w":-0.017016204074025155},"size":13.641519546508789,"orthographic":false}