{"cameraMode":{"drawMode":0,"name":"Shaded","section":"Shading Mode"},"sceneLighting":false,"audioPlay":false,"sceneViewState":{"m_AlwaysRefresh":false,"showFog":true,"showSkybox":false,"showFlares":true,"showImageEffects":true,"showParticleSystems":true,"showVisualEffectGraphs":true,"m_FxEnabled":true},"in2DMode":false,"pivot":{"x":-0.014768153429031372,"y":-0.47958651185035708,"z":-93.51146697998047},"rotation":{"x":0.0010051644640043378,"y":0.9941213726997376,"z":-0.1080983579158783,"w":0.009245199151337147},"size":40.521392822265628,"orthographic":false}